{"pos": {"0": [-0.0376152174196266, -0.0010804019985423523], "1": [0.16433416930412204, -0.31675271995996307], "2": [0.2436920385775472, -0.1655356277902814], "3": [0.23067976355744885, 0.34749631844109696], "4": [0.0643880725650653, 0.04180094679913867], "5": [-0.1354964814943547, -0.3183819300506858], "6": [0.14050505550278886, 0.3479354787569856], "7": [-0.036790405433372565, -0.22009594175881], "8": [-0.0864315116038649, 0.06329548971594329], "9": [0.06780955645355057, -0.24822100763516072], "10": [0.055671976045536635, 0.22680921103660542], "11": [-0.10494671767442217, 0.3464425389062955], "12": [-0.09773413051014174, 0.24554377055589444], "13": [-0.3616253121462893, 0.04541012520474374], "14": [0.20270251540566195, 0.1856441433328228], "15": [-0.5077995582044452, 0.4823879889019072], "16": [-0.7004180585545068, -0.25703205848341143], "17": [-0.03192583436167925, 0.43520137452150454], "18": [0.2929416361131704, 0.03437796089561916], "19": [0.24678416834885752, -0.5679225594758763], "20": [0.2870097550296932, -0.42515185754010354], "21": [0.5655493373499892, 0.18690752771645122], "22": [-0.09791644158658395, -0.39730672650145377], "23": [-0.587306680555603, -0.07307640130372964], "24": [0.30907103751028153, -0.2542741900225818], "25": [0.108304039102996, -0.49492314438946744], "26": [-0.12421199441994589, -0.7008001150601354], "27": [-0.45436086846239643, 0.002193291459354803], "28": [-0.09328667948779784, -0.1479911424896248], "29": [-0.7844260734981139, 0.10159597219961061], "30": [-0.223023904806934, 0.3538474367942369], "31": [-0.564420476019031, 0.028491414248676673], "32": [-0.3461568664128412, -0.7168558014755274], "33": [0.40747906197722505, 0.07833177017941392], "34": [-0.04163057986340165, -0.4976338576924324], "35": [-0.5485970745836379, -0.5504823731976536], "36": [0.01919077105711869, -0.7476921054035308], "37": [-0.440392991579222, -0.541649013042008], "38": [0.3831642334418777, -0.451969794391586], "39": [0.04633313656377134, -0.030125482399013224], "40": [0.3971568761551844, -0.10497266621427619], "41": [-0.5282232026069065, -0.21181228321620213], "42": [-0.38926312735428786, 0.3797658841698854], "43": [-0.3181416986650525, 0.5522631357012776], "44": [0.6439817928651366, 0.20177567747559272], "45": [-0.45150885423337034, -0.14836534932684867], "46": [0.4506864980911599, 0.15009815444484573], "47": [-0.11214808534873275, -0.5922435999182568], "48": [-0.5924960372011419, -0.3722192040374927], "49": [0.7539456319293034, 0.17926398319493225], "50": [-0.22758236529967468, 0.8825437859809544], "51": [0.5701717033039222, -0.2760156040646196], "52": [0.3058989111704874, 0.22239052147498492], "53": [0.0909503649856681, -0.631754989181865], "54": [0.38459792076006766, 0.3685041448371191], "55": [0.05219006695882093, 0.5586116633147822], "56": [0.8172112251626039, -0.15180140065144382], "57": [0.7275056976096377, 0.37862490205737054], "58": [-0.43241853035967287, 0.17221390991246088], "59": [-0.26479313259727666, -0.3236837714969856], "60": [-0.07694815568874284, -1.0], "61": [-0.3194902518073635, 0.1028414481906818], "62": [0.16721418565318721, 0.10619151103069989], "63": [0.6404116380057376, -0.4839438245271329], "64": [0.4515003273658738, 0.5326254100842196], "65": [-0.4234170519530385, 0.26888585242117014], "66": [-0.657452885621583, 0.6035348265319914], "67": [-0.12758813335411748, 0.6792649535833778], "68": [-0.8786784505240361, 0.10628870956701897], "69": [-0.3479005879671971, -0.4404514831076892], "70": [0.1291781378029473, -0.12292153159092813], "71": [0.31450600237720894, 0.6015639274555088], "72": [0.5816588348926647, -0.7248567951931285], "73": [0.2012412654173467, 0.5817023969749872], "74": [-0.20781832026685762, -0.5004914297842809], "75": [0.5099654338481151, 0.4335903962865272], "76": [0.2529756418065346, 0.45405253308572], "77": [-0.18649662319171156, -0.06715772014691418], "78": [-0.1598057142356862, -0.220704529562902], "79": [-0.2991763603394745, -0.6416582349031172], "80": [0.4180351090343114, 0.7052393416416752], "81": [-0.5660588219157026, 0.3214570435509567], "82": [0.1817724004068514, 0.7572877050052838], "83": [-0.6388103901062543, 0.4137042648808218], "84": [0.4094103918319559, -0.6999477938284663], "85": [0.7144582676075135, -0.31955594407045224], "86": [-0.20973207378563183, 0.5256597806446917], "87": [-0.005786006220784606, 0.7477070420608668], "88": [0.6657322522479162, 0.5669451987900822], "89": [0.5653595913397501, -0.4697250096210375], "90": [0.46733222279466624, -0.35124683250958116], "91": [-0.744693655688565, 0.24098715589720635], "92": [-0.6297129231735202, -0.5598593954127629], "93": [-0.49144072695777147, 0.7201051327440655], "94": [-0.2883137987859942, 0.37575105858763036], "95": [0.13466962871965057, -0.7368825766852103], "96": [-0.12174506517496383, 0.9565369852686842], "97": [-0.1484461790545344, -0.910178824187719], "98": [0.72179835056911, -0.02194698169188846], "99": [0.6954743735378226, 0.8076608304784041]}, "degree": {"0": 37, "1": 7, "2": 10, "3": 8, "4": 30, "5": 23, "6": 9, "7": 11, "8": 19, "9": 9, "10": 9, "11": 14, "12": 10, "13": 10, "14": 10, "15": 5, "16": 3, "17": 5, "18": 9, "19": 6, "20": 4, "21": 3, "22": 12, "23": 5, "24": 8, "25": 5, "26": 4, "27": 5, "28": 8, "29": 3, "30": 5, "31": 5, "32": 3, "33": 10, "34": 6, "35": 3, "36": 3, "37": 3, "38": 7, "39": 14, "40": 6, "41": 4, "42": 4, "43": 5, "44": 3, "45": 4, "46": 4, "47": 4, "48": 3, "49": 3, "50": 3, "51": 5, "52": 6, "53": 4, "54": 5, "55": 4, "56": 3, "57": 3, "58": 6, "59": 5, "60": 3, "61": 5, "62": 4, "63": 3, "64": 4, "65": 5, "66": 3, "67": 4, "68": 3, "69": 5, "70": 4, "71": 3, "72": 4, "73": 3, "74": 3, "75": 4, "76": 3, "77": 4, "78": 4, "79": 3, "80": 4, "81": 3, "82": 3, "83": 3, "84": 4, "85": 3, "86": 4, "87": 3, "88": 3, "89": 3, "90": 3, "91": 3, "92": 3, "93": 4, "94": 3, "95": 3, "96": 3, "97": 3, "98": 3, "99": 3}, "edges": {"0": [1, 2, 3, 4, 5, 6, 9, 10, 11, 12, 16, 18, 19, 22, 26, 27, 29, 30, 32, 33, 34, 36, 38, 39, 43, 66, 74, 75, 76, 80, 81, 82, 83, 85, 87, 90, 95], "1": [0, 12, 14, 18, 47, 63, 79], "2": [0, 4, 5, 6, 7, 24, 28, 47, 54, 63], "3": [0, 4, 13, 28, 44, 57, 80, 87], "4": [0, 2, 3, 5, 7, 8, 11, 12, 14, 17, 19, 21, 22, 28, 31, 39, 41, 43, 44, 47, 48, 49, 52, 53, 57, 58, 59, 73, 88, 94], "5": [0, 2, 4, 6, 7, 8, 9, 10, 13, 16, 19, 23, 24, 25, 27, 32, 48, 53, 60, 69, 79, 89, 92], "6": [0, 2, 5, 8, 15, 39, 75, 80, 99], "9": [0, 5, 8, 10, 20, 24, 26, 45, 46], "10": [0, 5, 9, 18, 52, 62, 65, 71, 73], "11": [0, 4, 8, 15, 17, 20, 21, 27, 50, 55, 58, 81, 82, 93], "12": [0, 1, 4, 42, 46, 50, 54, 67, 69, 81], "16": [0, 5, 13], "18": [0, 1, 10, 21, 25, 30, 56, 71, 77], "19": [0, 4, 5, 20, 36, 72], "22": [0, 4, 13, 25, 26, 37, 40, 41, 45, 60, 77, 90], "26": [0, 9, 22, 59], "27": [0, 5, 11, 30, 35], "29": [0, 13, 15], "30": [0, 18, 27, 31, 87], "32": [0, 5, 25], "33": [0, 7, 24, 40, 57, 64, 67, 70, 85, 90], "34": [0, 8, 20, 35, 77, 84], "36": [0, 19, 28], "38": [0, 24, 28, 49, 51, 84, 97], "39": [0, 4, 6, 41, 42, 44, 45, 51, 52, 53, 58, 61, 63, 86], "43": [0, 4, 8, 50, 66], "66": [0, 42, 43], "74": [0, 7, 8], "75": [0, 6, 40, 82], "76": [0, 17, 24], "80": [0, 3, 6, 99], "81": [0, 11, 12], "82": [0, 11, 75], "83": [0, 45, 67], "85": [0, 33, 84], "87": [0, 3, 30], "90": [0, 22, 33], "95": [0, 24, 69], "14": [1, 4, 8, 17, 54, 56, 59, 61, 96, 98], "47": [1, 2, 4, 92], "63": [1, 2, 39], "79": [1, 5, 61], "7": [2, 4, 5, 33, 35, 37, 42, 72, 74, 91, 98], "24": [2, 5, 9, 33, 38, 76, 78, 95], "28": [2, 3, 4, 31, 36, 38, 55, 92], "54": [2, 12, 14, 94, 99], "13": [3, 5, 8, 16, 22, 23, 29, 62, 86, 91], "44": [3, 4, 39], "57": [3, 4, 33], "8": [4, 5, 6, 9, 11, 13, 14, 15, 23, 34, 37, 40, 43, 46, 51, 64, 68, 71, 74], "17": [4, 11, 14, 76, 78], "21": [4, 11, 18], "31": [4, 28, 30, 48, 65], "41": [4, 22, 39, 68], "48": [4, 5, 31], "49": [4, 38, 46], "52": [4, 10, 39, 55, 70, 88], "53": [4, 5, 39, 60], "58": [4, 11, 39, 61, 69, 93], "59": [4, 14, 26, 65, 97], "73": [4, 10, 65], "88": [4, 52, 64], "94": [4, 23, 54],